<?xml version='1.0' encoding='UTF-8' standalone='no'?>
<doxygen xmlns:xsi="http://www.w3.org/2001/XMLSchema-instance" xsi:noNamespaceSchemaLocation="compound.xsd" version="1.9.6" xml:lang="en-US">
  <compounddef id="dir_44cec6e3ea30e076b9313c4641539d9f" kind="dir">
    <compoundname>benchmark</compoundname>
    <innerfile refid="benchmark_2set_8cpp">set.cpp</innerfile>
    <briefdescription>
    </briefdescription>
    <detaileddescription>
    </detaileddescription>
    <location file="benchmark/"/>
  </compounddef>
</doxygen>
