<?xml version='1.0' encoding='UTF-8' standalone='no'?>
<doxygen xmlns:xsi="http://www.w3.org/2001/XMLSchema-instance" xsi:noNamespaceSchemaLocation="compound.xsd" version="1.9.6" xml:lang="en-US">
  <compounddef id="set_8h" kind="file" language="C++">
    <compoundname>set.h</compoundname>
    <includes local="no">vector</includes>
    <includedby refid="benchmark_2set_8cpp" local="yes">benchmark/set.cpp</includedby>
    <includedby refid="test_2set_8cpp" local="yes">test/set.cpp</includedby>
    <incdepgraph>
      <node id="1">
        <label>include/set.h</label>
        <link refid="set_8h"/>
        <childnode refid="2" relation="include">
        </childnode>
      </node>
      <node id="2">
        <label>vector</label>
      </node>
    </incdepgraph>
    <invincdepgraph>
      <node id="2">
        <label>benchmark/set.cpp</label>
        <link refid="benchmark_2set_8cpp"/>
      </node>
      <node id="1">
        <label>include/set.h</label>
        <link refid="set_8h"/>
        <childnode refid="2" relation="include">
        </childnode>
        <childnode refid="3" relation="include">
        </childnode>
      </node>
      <node id="3">
        <label>test/set.cpp</label>
        <link refid="test_2set_8cpp"/>
      </node>
    </invincdepgraph>
    <innernamespace refid="namespaceset">set</innernamespace>
    <briefdescription>
<para>This is the main header file of the cset library. It contains all the functions and their implementation. </para>
    </briefdescription>
    <detaileddescription>
<para>This file contains a set of functions that perform set theory operations on std::vector.<linebreak/>
The functions are implemented as templates to support multiple types without the need to overload each function for each type. </para>
    </detaileddescription>
    <programlisting>
<codeline lineno="1"><highlight class="normal"></highlight></codeline>
<codeline lineno="56"><highlight class="normal"></highlight><highlight class="preprocessor">#include<sp/>&lt;vector&gt;</highlight><highlight class="normal"></highlight></codeline>
<codeline lineno="57"><highlight class="normal"></highlight><highlight class="preprocessor">#pragma<sp/>once</highlight><highlight class="normal"></highlight></codeline>
<codeline lineno="63"><highlight class="normal"></highlight><highlight class="keyword">namespace<sp/></highlight><highlight class="normal"><ref refid="namespaceset" kindref="compound">set</ref><sp/>{</highlight></codeline>
<codeline lineno="64"><highlight class="normal"></highlight></codeline>
<codeline lineno="73"><highlight class="normal"><sp/><sp/><sp/><sp/></highlight><highlight class="keyword">template</highlight><highlight class="normal"><sp/>&lt;</highlight><highlight class="keyword">typename</highlight><highlight class="normal"><sp/>T&gt;<sp/></highlight><highlight class="keyword">inline</highlight><highlight class="normal"><sp/></highlight><highlight class="keywordtype">bool</highlight><highlight class="normal"><sp/><ref refid="namespaceset_1a980a97ee29ca68fb5b0ff49c22317a7e" kindref="member">contains</ref>(</highlight><highlight class="keyword">const</highlight><highlight class="normal"><sp/>std::vector&lt;T&gt;&amp;<sp/>k,<sp/></highlight><highlight class="keyword">const</highlight><highlight class="normal"><sp/>T&amp;<sp/>kk)<sp/></highlight><highlight class="keyword">noexcept</highlight><highlight class="normal">;<sp/></highlight><highlight class="comment">//Set<sp/>contains</highlight><highlight class="normal"></highlight></codeline>
<codeline lineno="74"><highlight class="normal"></highlight></codeline>
<codeline lineno="82"><highlight class="normal"><sp/><sp/><sp/><sp/></highlight><highlight class="keyword">template</highlight><highlight class="normal"><sp/>&lt;</highlight><highlight class="keyword">typename</highlight><highlight class="normal"><sp/>T&gt;<sp/></highlight><highlight class="keyword">inline</highlight><highlight class="normal"><sp/></highlight><highlight class="keywordtype">int</highlight><highlight class="normal"><sp/><ref refid="namespaceset_1ac5365eb686589aa9064bab275539177a" kindref="member">count</ref>(</highlight><highlight class="keyword">const</highlight><highlight class="normal"><sp/>std::vector&lt;T&gt;&amp;<sp/>k,<sp/></highlight><highlight class="keyword">const</highlight><highlight class="normal"><sp/>T&amp;<sp/>kk)<sp/></highlight><highlight class="keyword">noexcept</highlight><highlight class="normal">;<sp/></highlight><highlight class="comment">//Set<sp/>count</highlight><highlight class="normal"></highlight></codeline>
<codeline lineno="83"><highlight class="normal"></highlight></codeline>
<codeline lineno="91"><highlight class="normal"><sp/><sp/><sp/><sp/></highlight><highlight class="keyword">template</highlight><highlight class="normal"><sp/>&lt;</highlight><highlight class="keyword">typename</highlight><highlight class="normal"><sp/>T&gt;<sp/></highlight><highlight class="keyword">inline</highlight><highlight class="normal"><sp/>std::vector&lt;T&gt;&amp;<sp/><ref refid="namespaceset_1ac883181c654d551576c3ee2d1a0fa7fa" kindref="member">unique</ref>(std::vector&lt;T&gt;&amp;<sp/>c,<sp/></highlight><highlight class="keyword">const</highlight><highlight class="normal"><sp/>std::vector&lt;T&gt;&amp;<sp/>k);<sp/></highlight><highlight class="comment">//Set<sp/>unique</highlight><highlight class="normal"></highlight></codeline>
<codeline lineno="92"><highlight class="normal"><sp/><sp/><sp/><sp/></highlight></codeline>
<codeline lineno="101"><highlight class="normal"><sp/><sp/><sp/><sp/></highlight><highlight class="keyword">template</highlight><highlight class="normal"><sp/>&lt;</highlight><highlight class="keyword">typename</highlight><highlight class="normal"><sp/>T&gt;<sp/></highlight><highlight class="keyword">inline</highlight><highlight class="normal"><sp/>std::vector&lt;T&gt;&amp;<sp/><ref refid="namespaceset_1ad0fdcd2362fa264e9d23cba85ccec05c" kindref="member">sunion</ref>(std::vector&lt;T&gt;&amp;<sp/>c,<sp/></highlight><highlight class="keyword">const</highlight><highlight class="normal"><sp/>std::vector&lt;T&gt;&amp;<sp/>k,<sp/></highlight><highlight class="keyword">const</highlight><highlight class="normal"><sp/>std::vector&lt;T&gt;&amp;<sp/>kk);<sp/></highlight><highlight class="comment">//Set<sp/>theory:<sp/>Union</highlight><highlight class="normal"></highlight></codeline>
<codeline lineno="102"><highlight class="normal"></highlight></codeline>
<codeline lineno="111"><highlight class="normal"><sp/><sp/><sp/><sp/></highlight><highlight class="keyword">template</highlight><highlight class="normal"><sp/>&lt;</highlight><highlight class="keyword">typename</highlight><highlight class="normal"><sp/>T&gt;<sp/></highlight><highlight class="keyword">inline</highlight><highlight class="normal"><sp/>std::vector&lt;T&gt;&amp;<sp/><ref refid="namespaceset_1abbfdb13d235a0b18b76350266fe35645" kindref="member">intersection</ref>(std::vector&lt;T&gt;&amp;<sp/>c,<sp/></highlight><highlight class="keyword">const</highlight><highlight class="normal"><sp/>std::vector&lt;T&gt;&amp;<sp/>k,<sp/></highlight><highlight class="keyword">const</highlight><highlight class="normal"><sp/>std::vector&lt;T&gt;&amp;<sp/>kk);<sp/></highlight><highlight class="comment">//Set<sp/>theory:<sp/>Intersection</highlight><highlight class="normal"></highlight></codeline>
<codeline lineno="112"><highlight class="normal"></highlight></codeline>
<codeline lineno="121"><highlight class="normal"><sp/><sp/><sp/><sp/></highlight><highlight class="keyword">template</highlight><highlight class="normal"><sp/>&lt;</highlight><highlight class="keyword">typename</highlight><highlight class="normal"><sp/>T&gt;<sp/></highlight><highlight class="keyword">inline</highlight><highlight class="normal"><sp/>std::vector&lt;T&gt;&amp;<sp/><ref refid="namespaceset_1a37f2c9c18fda658d3fb86550e519e773" kindref="member">diff</ref>(std::vector&lt;T&gt;&amp;<sp/>c,<sp/></highlight><highlight class="keyword">const</highlight><highlight class="normal"><sp/>std::vector&lt;T&gt;&amp;<sp/>k,<sp/></highlight><highlight class="keyword">const</highlight><highlight class="normal"><sp/>std::vector&lt;T&gt;&amp;<sp/>kk);<sp/></highlight><highlight class="comment">//Set<sp/>theory:<sp/>Difference</highlight><highlight class="normal"></highlight></codeline>
<codeline lineno="122"><highlight class="normal"></highlight></codeline>
<codeline lineno="131"><highlight class="normal"><sp/><sp/><sp/><sp/></highlight><highlight class="keyword">template</highlight><highlight class="normal"><sp/>&lt;</highlight><highlight class="keyword">typename</highlight><highlight class="normal"><sp/>T&gt;<sp/></highlight><highlight class="keyword">inline</highlight><highlight class="normal"><sp/>std::vector&lt;T&gt;&amp;<sp/><ref refid="namespaceset_1a9e1d205dc88719374276b5bd73fc13b6" kindref="member">sdiff</ref>(std::vector&lt;T&gt;&amp;<sp/>c,<sp/></highlight><highlight class="keyword">const</highlight><highlight class="normal"><sp/>std::vector&lt;T&gt;&amp;<sp/>k,<sp/></highlight><highlight class="keyword">const</highlight><highlight class="normal"><sp/>std::vector&lt;T&gt;&amp;<sp/>kk);<sp/></highlight><highlight class="comment">//Set<sp/>theory:<sp/>Symmetric<sp/>difference</highlight><highlight class="normal"></highlight></codeline>
<codeline lineno="132"><highlight class="normal">}</highlight></codeline>
<codeline lineno="133"><highlight class="normal"></highlight></codeline>
<codeline lineno="134"><highlight class="normal"></highlight><highlight class="comment">//Set<sp/>contains</highlight><highlight class="normal"></highlight></codeline>
<codeline lineno="135"><highlight class="normal"></highlight><highlight class="keyword">template</highlight><highlight class="normal"><sp/>&lt;</highlight><highlight class="keyword">typename</highlight><highlight class="normal"><sp/>T&gt;</highlight></codeline>
<codeline lineno="136" refid="namespaceset_1a980a97ee29ca68fb5b0ff49c22317a7e" refkind="member"><highlight class="normal"></highlight><highlight class="keyword">inline</highlight><highlight class="normal"><sp/></highlight><highlight class="keywordtype">bool</highlight><highlight class="normal"><sp/><ref refid="namespaceset_1a980a97ee29ca68fb5b0ff49c22317a7e" kindref="member">set::contains</ref>(</highlight><highlight class="keyword">const</highlight><highlight class="normal"><sp/>std::vector&lt;T&gt;&amp;<sp/>k,<sp/></highlight><highlight class="keyword">const</highlight><highlight class="normal"><sp/>T&amp;<sp/>kk)<sp/></highlight><highlight class="keyword">noexcept</highlight><highlight class="normal"><sp/>{</highlight></codeline>
<codeline lineno="137"><highlight class="normal"><sp/><sp/><sp/><sp/></highlight><highlight class="keywordflow">for</highlight><highlight class="normal"><sp/>(T<sp/>v:<sp/>k)<sp/>{</highlight><highlight class="keywordflow">if</highlight><highlight class="normal">(v<sp/>==<sp/>kk)<sp/>{</highlight><highlight class="keywordflow">return</highlight><highlight class="normal"><sp/></highlight><highlight class="keyword">true</highlight><highlight class="normal">;}}</highlight></codeline>
<codeline lineno="138"><highlight class="normal"><sp/><sp/><sp/><sp/></highlight><highlight class="keywordflow">return</highlight><highlight class="normal"><sp/></highlight><highlight class="keyword">false</highlight><highlight class="normal">;</highlight></codeline>
<codeline lineno="139"><highlight class="normal">};</highlight></codeline>
<codeline lineno="140"><highlight class="normal"></highlight></codeline>
<codeline lineno="141"><highlight class="normal"></highlight><highlight class="comment">//Set<sp/>count</highlight><highlight class="normal"></highlight></codeline>
<codeline lineno="142"><highlight class="normal"></highlight><highlight class="keyword">template</highlight><highlight class="normal"><sp/>&lt;</highlight><highlight class="keyword">typename</highlight><highlight class="normal"><sp/>T&gt;</highlight></codeline>
<codeline lineno="143" refid="namespaceset_1ac5365eb686589aa9064bab275539177a" refkind="member"><highlight class="normal"></highlight><highlight class="keyword">inline</highlight><highlight class="normal"><sp/></highlight><highlight class="keywordtype">int</highlight><highlight class="normal"><sp/><ref refid="namespaceset_1ac5365eb686589aa9064bab275539177a" kindref="member">set::count</ref>(</highlight><highlight class="keyword">const</highlight><highlight class="normal"><sp/>std::vector&lt;T&gt;&amp;<sp/>k,<sp/></highlight><highlight class="keyword">const</highlight><highlight class="normal"><sp/>T&amp;<sp/>kk)<sp/></highlight><highlight class="keyword">noexcept</highlight><highlight class="normal"><sp/>{</highlight></codeline>
<codeline lineno="144"><highlight class="normal"><sp/><sp/><sp/><sp/></highlight><highlight class="keywordtype">int</highlight><highlight class="normal"><sp/>c<sp/>=<sp/>0;</highlight></codeline>
<codeline lineno="145"><highlight class="normal"><sp/><sp/><sp/><sp/></highlight><highlight class="keywordflow">for</highlight><highlight class="normal"><sp/>(T<sp/>v:<sp/>k)<sp/>{</highlight><highlight class="keywordflow">if</highlight><highlight class="normal">(v<sp/>==<sp/>kk)<sp/>{c++;}}</highlight></codeline>
<codeline lineno="146"><highlight class="normal"><sp/><sp/><sp/><sp/></highlight><highlight class="keywordflow">return</highlight><highlight class="normal"><sp/>c;</highlight></codeline>
<codeline lineno="147"><highlight class="normal">};</highlight></codeline>
<codeline lineno="148"><highlight class="normal"></highlight></codeline>
<codeline lineno="149"><highlight class="normal"></highlight><highlight class="comment">//Set<sp/>unique</highlight><highlight class="normal"></highlight></codeline>
<codeline lineno="150"><highlight class="normal"></highlight><highlight class="keyword">template</highlight><highlight class="normal"><sp/>&lt;</highlight><highlight class="keyword">typename</highlight><highlight class="normal"><sp/>T&gt;</highlight></codeline>
<codeline lineno="151" refid="namespaceset_1ac883181c654d551576c3ee2d1a0fa7fa" refkind="member"><highlight class="normal"></highlight><highlight class="keyword">inline</highlight><highlight class="normal"><sp/>std::vector&lt;T&gt;&amp;<sp/><ref refid="namespaceset_1ac883181c654d551576c3ee2d1a0fa7fa" kindref="member">set::unique</ref>(std::vector&lt;T&gt;&amp;<sp/>c,<sp/></highlight><highlight class="keyword">const</highlight><highlight class="normal"><sp/>std::vector&lt;T&gt;&amp;<sp/>k)<sp/>{</highlight></codeline>
<codeline lineno="152"><highlight class="normal"><sp/><sp/><sp/><sp/></highlight><highlight class="keywordflow">for</highlight><highlight class="normal"><sp/>(T<sp/>v:<sp/>k)<sp/>{</highlight><highlight class="keywordflow">if</highlight><highlight class="normal">(!<ref refid="namespaceset_1a980a97ee29ca68fb5b0ff49c22317a7e" kindref="member">set::contains</ref>(c,<sp/>v))<sp/>{c.push_back(v);}}</highlight></codeline>
<codeline lineno="153"><highlight class="normal"><sp/><sp/><sp/><sp/></highlight><highlight class="keywordflow">return</highlight><highlight class="normal"><sp/>c;</highlight></codeline>
<codeline lineno="154"><highlight class="normal">};</highlight></codeline>
<codeline lineno="155"><highlight class="normal"></highlight></codeline>
<codeline lineno="156"><highlight class="normal"></highlight><highlight class="comment">//Set<sp/>theory:<sp/>Union</highlight><highlight class="normal"></highlight></codeline>
<codeline lineno="157"><highlight class="normal"></highlight><highlight class="keyword">template</highlight><highlight class="normal"><sp/>&lt;</highlight><highlight class="keyword">typename</highlight><highlight class="normal"><sp/>T&gt;</highlight></codeline>
<codeline lineno="158" refid="namespaceset_1ad0fdcd2362fa264e9d23cba85ccec05c" refkind="member"><highlight class="normal"></highlight><highlight class="keyword">inline</highlight><highlight class="normal"><sp/>std::vector&lt;T&gt;&amp;<sp/><ref refid="namespaceset_1ad0fdcd2362fa264e9d23cba85ccec05c" kindref="member">set::sunion</ref>(std::vector&lt;T&gt;&amp;<sp/>c,<sp/></highlight><highlight class="keyword">const</highlight><highlight class="normal"><sp/>std::vector&lt;T&gt;&amp;<sp/>k,<sp/></highlight><highlight class="keyword">const</highlight><highlight class="normal"><sp/>std::vector&lt;T&gt;&amp;<sp/>kk)<sp/>{</highlight></codeline>
<codeline lineno="159"><highlight class="normal"><sp/><sp/><sp/><sp/></highlight><highlight class="keywordflow">for</highlight><highlight class="normal"><sp/>(T<sp/>v:<sp/>k)<sp/>{</highlight><highlight class="keywordflow">if</highlight><highlight class="normal">(!<ref refid="namespaceset_1a980a97ee29ca68fb5b0ff49c22317a7e" kindref="member">set::contains</ref>(c,<sp/>v))<sp/>{c.push_back(v);}}</highlight></codeline>
<codeline lineno="160"><highlight class="normal"><sp/><sp/><sp/><sp/></highlight><highlight class="keywordflow">for</highlight><highlight class="normal"><sp/>(T<sp/>vv:<sp/>kk)<sp/>{</highlight><highlight class="keywordflow">if</highlight><highlight class="normal">(!<ref refid="namespaceset_1a980a97ee29ca68fb5b0ff49c22317a7e" kindref="member">set::contains</ref>(c,<sp/>vv))<sp/>{c.push_back(vv);}}</highlight></codeline>
<codeline lineno="161"><highlight class="normal"><sp/><sp/><sp/><sp/></highlight><highlight class="keywordflow">return</highlight><highlight class="normal"><sp/>c;</highlight></codeline>
<codeline lineno="162"><highlight class="normal">};</highlight></codeline>
<codeline lineno="163"><highlight class="normal"></highlight></codeline>
<codeline lineno="164"><highlight class="normal"></highlight><highlight class="comment">//Set<sp/>theory:<sp/>Intersection</highlight><highlight class="normal"></highlight></codeline>
<codeline lineno="165"><highlight class="normal"></highlight><highlight class="keyword">template</highlight><highlight class="normal"><sp/>&lt;</highlight><highlight class="keyword">typename</highlight><highlight class="normal"><sp/>T&gt;</highlight></codeline>
<codeline lineno="166" refid="namespaceset_1abbfdb13d235a0b18b76350266fe35645" refkind="member"><highlight class="normal"></highlight><highlight class="keyword">inline</highlight><highlight class="normal"><sp/>std::vector&lt;T&gt;&amp;<sp/><ref refid="namespaceset_1abbfdb13d235a0b18b76350266fe35645" kindref="member">set::intersection</ref>(std::vector&lt;T&gt;&amp;<sp/>c,<sp/></highlight><highlight class="keyword">const</highlight><highlight class="normal"><sp/>std::vector&lt;T&gt;&amp;<sp/>k,<sp/></highlight><highlight class="keyword">const</highlight><highlight class="normal"><sp/>std::vector&lt;T&gt;&amp;<sp/>kk)<sp/>{</highlight></codeline>
<codeline lineno="167"><highlight class="normal"><sp/><sp/><sp/><sp/></highlight><highlight class="keywordflow">for</highlight><highlight class="normal"><sp/>(T<sp/>v:<sp/>k)<sp/>{</highlight><highlight class="keywordflow">if</highlight><highlight class="normal">((!<ref refid="namespaceset_1a980a97ee29ca68fb5b0ff49c22317a7e" kindref="member">set::contains</ref>(c,<sp/>v))<sp/>&amp;&amp;<sp/>(<ref refid="namespaceset_1a980a97ee29ca68fb5b0ff49c22317a7e" kindref="member">set::contains</ref>(kk,<sp/>v)))<sp/>{c.push_back(v);}}</highlight></codeline>
<codeline lineno="168"><highlight class="normal"><sp/><sp/><sp/><sp/></highlight><highlight class="keywordflow">for</highlight><highlight class="normal"><sp/>(T<sp/>vv:<sp/>kk)<sp/>{</highlight><highlight class="keywordflow">if</highlight><highlight class="normal">((!<ref refid="namespaceset_1a980a97ee29ca68fb5b0ff49c22317a7e" kindref="member">set::contains</ref>(c,<sp/>vv))<sp/>&amp;&amp;<sp/>(<ref refid="namespaceset_1a980a97ee29ca68fb5b0ff49c22317a7e" kindref="member">set::contains</ref>(k,<sp/>vv)))<sp/>{c.push_back(vv);}}</highlight></codeline>
<codeline lineno="169"><highlight class="normal"><sp/><sp/><sp/><sp/></highlight><highlight class="keywordflow">return</highlight><highlight class="normal"><sp/>c;</highlight></codeline>
<codeline lineno="170"><highlight class="normal">};</highlight></codeline>
<codeline lineno="171"><highlight class="normal"></highlight></codeline>
<codeline lineno="172"><highlight class="normal"></highlight><highlight class="comment">//Set<sp/>theory:<sp/>Difference</highlight><highlight class="normal"></highlight></codeline>
<codeline lineno="173"><highlight class="normal"></highlight><highlight class="keyword">template</highlight><highlight class="normal"><sp/>&lt;</highlight><highlight class="keyword">typename</highlight><highlight class="normal"><sp/>T&gt;</highlight></codeline>
<codeline lineno="174" refid="namespaceset_1a37f2c9c18fda658d3fb86550e519e773" refkind="member"><highlight class="normal"></highlight><highlight class="keyword">inline</highlight><highlight class="normal"><sp/>std::vector&lt;T&gt;&amp;<sp/><ref refid="namespaceset_1a37f2c9c18fda658d3fb86550e519e773" kindref="member">set::diff</ref>(std::vector&lt;T&gt;&amp;<sp/>c,<sp/></highlight><highlight class="keyword">const</highlight><highlight class="normal"><sp/>std::vector&lt;T&gt;&amp;<sp/>k,<sp/></highlight><highlight class="keyword">const</highlight><highlight class="normal"><sp/>std::vector&lt;T&gt;&amp;<sp/>kk)<sp/>{</highlight></codeline>
<codeline lineno="175"><highlight class="normal"><sp/><sp/><sp/><sp/></highlight><highlight class="keywordflow">for</highlight><highlight class="normal"><sp/>(T<sp/>v:<sp/>k)<sp/>{</highlight><highlight class="keywordflow">if</highlight><highlight class="normal">(!<ref refid="namespaceset_1a980a97ee29ca68fb5b0ff49c22317a7e" kindref="member">contains</ref>(kk,<sp/>v))<sp/>{c.push_back(v);}}</highlight></codeline>
<codeline lineno="176"><highlight class="normal"><sp/><sp/><sp/><sp/></highlight><highlight class="keywordflow">return</highlight><highlight class="normal"><sp/>c;</highlight></codeline>
<codeline lineno="177"><highlight class="normal">};</highlight></codeline>
<codeline lineno="178"><highlight class="normal"></highlight></codeline>
<codeline lineno="179"><highlight class="normal"></highlight><highlight class="comment">//Set<sp/>theory:<sp/>Symmetric<sp/>difference</highlight><highlight class="normal"></highlight></codeline>
<codeline lineno="180"><highlight class="normal"></highlight><highlight class="keyword">template</highlight><highlight class="normal"><sp/>&lt;</highlight><highlight class="keyword">typename</highlight><highlight class="normal"><sp/>T&gt;</highlight></codeline>
<codeline lineno="181" refid="namespaceset_1a9e1d205dc88719374276b5bd73fc13b6" refkind="member"><highlight class="normal"></highlight><highlight class="keyword">inline</highlight><highlight class="normal"><sp/>std::vector&lt;T&gt;&amp;<sp/><ref refid="namespaceset_1a9e1d205dc88719374276b5bd73fc13b6" kindref="member">set::sdiff</ref>(std::vector&lt;T&gt;&amp;<sp/>c,<sp/></highlight><highlight class="keyword">const</highlight><highlight class="normal"><sp/>std::vector&lt;T&gt;&amp;<sp/>k,<sp/></highlight><highlight class="keyword">const</highlight><highlight class="normal"><sp/>std::vector&lt;T&gt;&amp;<sp/>kk)<sp/>{</highlight></codeline>
<codeline lineno="182"><highlight class="normal"><sp/><sp/><sp/><sp/><ref refid="namespaceset_1a37f2c9c18fda658d3fb86550e519e773" kindref="member">set::diff</ref>(c,<sp/>k,<sp/>kk);</highlight></codeline>
<codeline lineno="183"><highlight class="normal"><sp/><sp/><sp/><sp/><ref refid="namespaceset_1a37f2c9c18fda658d3fb86550e519e773" kindref="member">set::diff</ref>(c,<sp/>kk,<sp/>k);</highlight></codeline>
<codeline lineno="184"><highlight class="normal"><sp/><sp/><sp/><sp/></highlight><highlight class="keywordflow">return</highlight><highlight class="normal"><sp/>c;</highlight></codeline>
<codeline lineno="185"><highlight class="normal">};</highlight></codeline>
    </programlisting>
    <location file="include/set.h"/>
  </compounddef>
</doxygen>
