<?xml version='1.0' encoding='UTF-8' standalone='no'?>
<book xmlns="http://docbook.org/ns/docbook" version="5.0" xmlns:xlink="http://www.w3.org/1999/xlink" xml:id="_index" xml:lang="en-US">
    <info>
    <title>CSet++</title>
    </info>
<chapter>
    <title>CSet++ Project</title>
    <xi:include href="mainpage.xml" xmlns:xi="http://www.w3.org/2001/XInclude"/>
</chapter>
<chapter>
    <title>Namespace Documentation</title>
<xi:include href="namespaceset.xml" xmlns:xi="http://www.w3.org/2001/XInclude"/>
</chapter>
<chapter>
    <title>File Documentation</title>
    <xi:include href="set_8h.xml" xmlns:xi="http://www.w3.org/2001/XInclude"/>
    <xi:include href="set_8h_source.xml" xmlns:xi="http://www.w3.org/2001/XInclude"/>
    <xi:include href="benchmark_2set_8cpp.xml" xmlns:xi="http://www.w3.org/2001/XInclude"/>
    <xi:include href="benchmark_2set_8cpp_source.xml" xmlns:xi="http://www.w3.org/2001/XInclude"/>
    <xi:include href="test_2set_8cpp.xml" xmlns:xi="http://www.w3.org/2001/XInclude"/>
    <xi:include href="test_2set_8cpp_source.xml" xmlns:xi="http://www.w3.org/2001/XInclude"/>
</chapter>
<index/>
</book>
